{"cameraMode":{"drawMode":0,"name":"Shaded","section":"Shading Mode"},"sceneLighting":true,"audioPlay":false,"sceneViewState":{"m_AlwaysRefresh":false,"showFog":true,"showSkybox":true,"showFlares":true,"showImageEffects":true,"showParticleSystems":true,"showVisualEffectGraphs":true,"m_FxEnabled":true},"in2DMode":false,"pivot":{"x":-1.7535295486450196,"y":-5.984432220458984,"z":34.09561538696289},"rotation":{"x":-0.13639193773269654,"y":0.0002849427401088178,"z":0.00003362808274687268,"w":-0.9907129406929016},"size":29.719341278076173,"orthographic":false}